Santo Domingo|Santo Domingo Norte|Neighborhood1|Street1
Santo Domingo|Santo Domingo Norte|Neighborhood1|Street2
Santo Domingo|Santo Domingo Norte|Neighborhood1|Street3
Santo Domingo|Santo Domingo Norte|Neighborhood1|Street4
Santo Domingo|Santo Domingo Norte|Neighborhood1|Street5
Santo Domingo|Santo Domingo Norte|Neighborhood1|Street6
Santo Domingo|Santo Domingo Norte|Neighborhood2|Street1
Santo Domingo|Santo Domingo Norte|Neighborhood2|Street2
Santo Domingo|Santo Domingo Norte|Neighborhood2|Street3
Santo Domingo|Santo Domingo Norte|Neighborhood2|Street4
Santo Domingo|Santo Domingo Norte|Neighborhood2|Street5
Santo Domingo|Santo Domingo Norte|Neighborhood2|Street6
Santo Domingo|Santo Domingo Norte|Neighborhood3|Street1
Santo Domingo|Santo Domingo Norte|Neighborhood3|Street2
Santo Domingo|Santo Domingo Norte|Neighborhood3|Street3
Santo Domingo|Santo Domingo Norte|Neighborhood3|Street4
Santo Domingo|Santo Domingo Norte|Neighborhood3|Street5
Santo Domingo|Santo Domingo Norte|Neighborhood3|Street6
Santo Domingo|Santo Domingo Norte|Neighborhood3|Street7
